"count";"name";"model";"sku";"price";"discriptions";"foto";"cat1";"cat2";"cat3"
998;"Кастрюля керамика Baking Line D = 12см 1,7л Thames Lessner 61501 166457";"61501-166457";"61501-166457- yavshoke";200;"
<strong>Кастрюля керамическая Lessner Thames (61501) 1,7л</strong><br><br>- Материал: жаростойкая керамика<br>- Материал крышки: жаропрочное стекло<br>- Объем: 1,7 л<br>- Диаметр: 18 см<br>- Форма: круглая<br>- Выдерживает температуру от +400 до -30 С°<br>- Стенки имеют микропоры, через которые проходит воздух, благодаря чему еда не варится, а томится.<br>- Можно использовать в духовке,микроволновой печи, мыть в посудомоечной машине<br><br><br><strong>Характеристики:</strong><ul>
<li>Обьем, л.: 1,6</li>
<li>Материал: Керамика</li>
<li>Форма: Круглая</li>
</ul>
";"data/yavshoke/410515655_w640_h640_cid435614_pid263155575-d4ccb4d1.jpg";"Кухня и столовая";"Кухонная посуда";"Кастрюли для духовок и микроволновок"
998;"Жаропрочная керамическая кастрюля 1.6 л Sacher SHKP00066";"00066SHKP";"00066SHKP- yavshoke";296;"<ul>
<li>Форма    круглая</li> <li>Крышка    термостойкая керамика</li> <li>Материал    термостойкая керамика</li> <li>Объем, л    1,6</li> <li>Назначение    духовые шкафы, СВЧ, все виды плит</li> <li>Цвет    коричневый</li> <li>Уточняйте цвет или оттенок изделия</li> </ul>";"data/yavshoke/112647623_w640_h640_00066_320108999641.jpg";"Кухня и столовая";"Кухонная посуда";"Кастрюли для духовок и микроволновок"
998;"Кастрюля с крышкой круглая 1.5 л VaBene VB 3020005";"VB 3020005";"VB 3020005- yavshoke";126;"<ul>
<li> <p>Материал: жаропрочное стекло</p> </li> <li> <p>Размер: 23,7 х 20,3 х 6,6 см</p> </li> <li> <p>Объем 1,5 л</p> </li> </ul>";"data/yavshoke/110152532_w640_h640_cid435614_pid29676375-255dbe6f.jpg";"Кухня и столовая";"Кухонная посуда";"Кастрюли для духовок и микроволновок"
998;"Кастрюля 1,2л Wellberg WB 30913";"WB 30913";"WB 30913- yavshoke";147;"<ul>
<li>Объем : 1,2 л, </li> <li>Материал : жаропрочная керамика, </li> <li>5 деколей</li> </ul>";"data/yavshoke/111397979_w640_h640_wb_30913.jpg";"Кухня и столовая";"Кухонная посуда";"Кастрюли для духовок и микроволновок"
998;"Кастрюля 1,8л Wellberg WB 30914";"WB 30914";"WB 30914- yavshoke";189;"<ul>
<li>Объем : 1,8 л, </li> <li>Материал : жаропрочная керамика, </li> <li>5 деколей</li> </ul>";"data/yavshoke/111398721_w640_h640_wb_30913.jpg";"Кухня и столовая";"Кухонная посуда";"Кастрюли для духовок и микроволновок"
998;"Кастрюля 1,8л Wellberg WB 30916";"WB 30916";"WB 30916- yavshoke";189;"<ul>
<li>Объем : 1,8 л, </li> <li>Материал : жаропрочная керамика, </li> <li>5 деколей</li> </ul>";"data/yavshoke/111400511_w640_h640_wb_30916.jpg";"Кухня и столовая";"Кухонная посуда";"Кастрюли для духовок и микроволновок"
998;"Кастрюля 2,4л Wellberg WB 30917";"WB 30917";"WB 30917- yavshoke";231;"<ul>
<li>Объем : 2,4 л, </li> <li>Материал : жаропрочная керамика, </li> <li>5 деколей</li> </ul>";"data/yavshoke/111400635_w640_h640_wb_30916.jpg";"Кухня и столовая";"Кухонная посуда";"Кастрюли для духовок и микроволновок"
998;"Кастрюля Granchio Fiore 1.8 л. 88505";"V88505";"V88505- yavshoke";1024;"<p>Объем, л. 1.8<br> Диаметр, см. 18<br> Легкая в уходе, можно мыть в посудомоечных машинах<br> Привлекательный и практичный дизайн<br> Может использоваться в морозильных камерах, микроволновых печах и на всех видах плит, кроме индукционных.<br> Материал: керамика</p>";"data/yavshoke/114907271_w640_h640_cid435614_pid53510720-4c85fff7.jpg";"Кухня и столовая";"Кухонная посуда";"Кастрюли для духовок и микроволновок"
998;"Кастрюля керамическая для запекания 1.5л Kamille 6100";"a6100";"a6100- yavshoke";170;"<ul>
<li>Материал ― жаропрочная глазированная керамика</li> <li>Объем 1.5 л.</li> <li>Размеры 25*21*13.5 см</li> <li>Цвет ― фиолетовый, красный</li> </ul>";"data/yavshoke/204985998_w640_h640_6100.jpg";"Кухня и столовая";"Кухонная посуда";"Кастрюли для духовок и микроволновок"
998;"Кастрюля керамическая для запекания 2.0л (30*25*11см) с крышкой (красный, фиолетовый) Kamille (a6107)";"a6107";"a6107- yavshoke";347;"
<p>Производитель: Kamille (Украина)</p> <p>Кастрюли из жаропрочной керамики<br> Материал: жаропрочная глазированная керамика<br> Объем: 2.0 л<br> Размеры: 30<em>25</em>11 см<br> Цвет: красный, фиолетовый<br> Кастрюля керамическая для запекания 2.0л Kamille 6107 – отличаются высоким качеством и стильным дизайном. В таких касрюлях можно не только готовить, но и подавать блюда на стол. Керамика будет сохранять тепло, а аромат пробуждать аппетит у присутствующих. Керамическая посуда добавит нотку «домашности», создаст атмосферу уюта и комфорта. Вы вспомните вкуснейшие блюда Ваших бабушек, которые готовились в керамических горшках в большой печи. Ваши близкие обязательно оценят пищу из керамической посуды.</p>
";"data/yavshoke/453886386_w640_h640_cid435614_pid288135088-cd346f9c.jpg";"Кухня и столовая";"Кухонная посуда";"Кастрюли для духовок и микроволновок"
998;"Кастрюля кр 0,2л Табако-крем 20571";"24-171-172";"24-171-172- yavshoke";81;"
<p>Vila Rica – это посуда из высококачественной керамики, изготовленная по итальянской технологии в современной обжиговой печи при температуре, достигающей 1200 °С, за счет чего изделия становятся предельно прочными и устойчивыми к перепадам температур. Такую кастрюлю можно использовать в микроволновке, в морозильнике, в посудомоечной машине и даже духовом шкафу, единственное, что не рекомендует производитель – использовать любую посуду бренда на открытом огне и электроконфорках.</p> <p>Количество один предмет<br> Форма круглая<br> Объем 0.2 л<br> Максимальная температура нагрева 300 °С<br> Назначение для запекания<br> Подходит для духовок, для микроволновок<br> Материал<br> керамика</p>
";"data/yavshoke/422545223_w640_h640_cid435614_pid293666969-4cc87f43.jpg";"Кухня и столовая";"Кухонная посуда";"Кастрюли для духовок и микроволновок"
998;"Кастрюля кр 195 мл Теракота 19954";"24-171-021";"24-171-021- yavshoke";92;"<p>атериал – керамика<br> Объем – 195 мл<br> Можно использовать в микроволновых печах<br> Можно мыть в посудомоечной машине<br> Характеристики<br> Бренд: VILA RICA<br> Тип: Кастрюля<br> Артикул: 24-171-021</p>";"data/yavshoke/422545224_w640_h640_cid435614_pid293666970-1c08eb46.jpg";"Кухня и столовая";"Кухонная посуда";"Кастрюли для духовок и микроволновок"
998;"Жаропрочная керамическая кастрюля 2,75л чорная Sacher 00064SHKP";"00064SHKP";"00064SHKP- yavshoke";288;"<ul>
<li>Тип: кастрюля</li> <li>Объем: 2.75 л</li> <li>Материал: керамика</li> <li>Материал крышки: керамика</li> <li>
Ручки: керамические</li> <li>Торговая марка: Sacher</li> <li>Крышка в комплекте</li> <li>Цвет: черный
</li> <li>Для использование в духовке</li> <li>Возможно мытье в посудомойке</li> <li>Керамические кастрюли Sacher изготовлены из экологически чистой глины, что обеспечивает ее долговечность и абсолютную безопасность для здоровья. Продукты, приготовленные в такой посуде максимально сохраняют свой изначальный вид и пользу. Также эта кастрюля долго сохраняет тепло и хорошо выдерживает перепады температуры</li> </ul>";"data/yavshoke/272440475_w640_h640_shkp00063_shkp___shkp00065.png";"Кухня и столовая";"Кухонная посуда";"Кастрюли для духовок и микроволновок"
998;"Кастрюля керамическая 195мл Табако-Крем 19979";"24-171-046";"24-171-046- yavshoke";90;"
<p>Описание Кастрюля с крышкой Vila Rica Табако-Крем 195 мл (24-171-046)</p> <p>Посуда ТМ Vila Rica – жаропрочная, изготовлена в результате уникального сочетания ручного труда, высоких технологий и специального сырья. Глазурь на продукцию наносится вручную, в результате чего она получается качественной, абсолютно нетоксичной и идеальной для повседневного использования. Выдерживает температуру до 300 градусов, не предназначена для использования на открытом огне. Такая посуда может стать прекрасным подарком для любителей традиционных и функциональных предметов в интерьере кухни.</p> <p>Характеристики :<br> Тип: кастрюля;<br> Диаметр: 10 см;<br> Объем: 1,95 л;<br> Материал: керамика.</p>
";"data/yavshoke/422545225_w640_h640_cid435614_pid293666971-06aa5ed7.jpg";"Кухня и столовая";"Кухонная посуда";"Кастрюли для духовок и микроволновок"
998;"Кастрюля Maestro МR-5007 0,7L круглая Maestro";5007;"5007- yavshoke";96;"
<p>Кастрюля для СВЧ круглая Maestro по современному дизайну имеет привлекательный вид. Приготовленное в красивой кастрюле блюдо можно сразу из духовки ставить на обеденный стол без риска нарушить гармонию сервировки.</p> <p>Особенности:</p> <ul>
<li>Объем 0,7 л</li> <li>Термостойкое боросиликатное стекло</li> <li>Ручки для удобства использования</li> <li>Возможность использования в духовых шкафах и микроволно- вых печах</li> <li>Возможность использования в посудомоечной машине
</li> <li>Выдерживает температуру до 250°С</li> <li>Возможность хранить в морозильной камере до -20°С</li> <li>Не предназначено для открытого огня</li> </ul>
";"data/yavshoke/459758346_w640_h640_502611_1.png";"Кухня и столовая";"Кухонная посуда";"Кастрюли для духовок и микроволновок"
998;"Кастрюля 1л Simax s6256 6266";"s6256-6266";"s6256-6266- yavshoke";120;"
<strong>Кастрюля для запекания с крышкой Simax (s6256-6266) 1,0л<br></strong><br><br>– Материал: термостойкое стекло<br>– Размер: 18х8 см<br>– Объем: 1,0 л<br>– Форма: круглая<br>– Стеклянная крышка<br>– Допускается использование в духовом шкафу, микроволновке, посудомойной машине<br>– Цвет: прозрачный<br><br><br><strong>Характеристики:</strong><ul>
<li>Обьем, л.: 1,0</li>
<li>Материал: Стекло</li>
<li>Форма: Круглая</li>
</ul>
";"data/yavshoke/410528623_w640_h640_cid435614_pid263155758-c507e650.jpg";"Кухня и столовая";"Кухонная посуда";"Кастрюли для духовок и микроволновок"
998;"Кастрюля с крышкой 0,7л 160х70мм.Color Simax s6056 6066";"s6056-6066";"s6056-6066- yavshoke";112;"
<strong>Кастрюля для запекания с крышкой Simax (s6056-6066) 0,7л</strong><br><br>– Материал: термостойкое стекло<br>– Размер: 16х7 см<br>– Объем: 0,7 л<br>– Форма: круглая<br>– Стеклянная крышка 0,3л<br>– Допускается использование в духовом шкафу, микроволновке, посудомойной машине<br>– Цвет: прозрачный<br><br><br><strong>Характеристики:</strong><ul>
<li>Обьем, л.: 0,7</li>
<li>Материал: Стекло</li>
<li>Форма: Круглая</li>
</ul>
";"data/yavshoke/410527818_w640_h640_cid435614_pid263155760-f456aea3.jpg";"Кухня и столовая";"Кухонная посуда";"Кастрюли для духовок и микроволновок"
998;"Кастрюля с крышкой 1,5л, 205х93мм.Color Simax s6106 6116";"s6106-6116";"s6106-6116- yavshoke";122;"
<strong>Кастрюля для запекания Simax (6106-6116) 1,5л<br></strong><br><br>– Материал: термостойкое стекло<br>– Размер: 20,5х9,3 см<br>– Объем: 1,5 л<br>– Форма: круглая<br>– Стеклянная крышка<br>– Допускается использование в духовом шкафу, микроволновке, посудомойной машине<br>– Цвет: прозрачный<br><br><br><strong>Характеристики:</strong><ul>
<li>Обьем, л.: 1,5</li>
<li>Материал: Стекло</li>
</ul>
";"data/yavshoke/410527820_w640_h640_cid435614_pid263155761-248c7d45.jpg";"Кухня и столовая";"Кухонная посуда";"Кастрюли для духовок и микроволновок"
998;"Кастрюля с крышкой 3,5л, 268х118мм.Color Simax s6226 6236";"s6226-6236";"s6226-6236- yavshoke";216;"
<strong>Кастрюля для запекания Simax (s6226-6236) 3,5л<br></strong><br><br>– Материал: термостойкое стекло<br>– Размер: 26,8х11,8 см<br>– Объем: 3,5 л<br>– Форма: круглая<br>– Стеклянная крышка<br>– Допускается использование в духовом шкафу, микроволновке, посудомойной машине<br>– Цвет: прозрачный<br><br><br><strong>Характеристики:</strong><ul>
<li>Обьем, л.: 3,5</li>
<li>Материал: Стекло</li>
<li>Форма: Круглая</li>
</ul>
";"data/yavshoke/410527821_w640_h640_cid435614_pid263155762-cc23d70b.jpg";"Кухня и столовая";"Кухонная посуда";"Кастрюли для духовок и микроволновок"
998;"Кастрюля с крышкой Exclusive 1,5л, 234 93мм Color Simax s6906 6916";"s6906-6916";"s6906-6916- yavshoke";220;"
<strong>Кастрюля для запекания Simax Exclusive 6906-6916 1,5л<br></strong><br><br>– Материал: термостойкое стекло<br>– Размер: 23,4х9,3 см<br>– Объем: 1,5 л<br>– Форма: круглая<br>– Стеклянная крышка<br>– Допускается использование в духовом шкафу, микроволновке, посудомойной машине<br>– Цвет: прозрачный<br><br><br><strong>Характеристики:</strong><ul>
<li>Обьем, л.: 1,5</li>
<li>Материал: Стекло</li>
</ul>
";"data/yavshoke/410527822_w640_h640_cid435614_pid263155763-133221e8.jpg";"Кухня и столовая";"Кухонная посуда";"Кастрюли для духовок и микроволновок"
998;"Кастрюля 2л Simax s6026 6036";"s6026-6036";"s6026-6036- yavshoke";145;"
<strong>Кастрюля для запекания с крышкой Simax (s6026-6036) 2,0л<br></strong><br><br>– Материал: термостойкое стекло<br>– Размер: 22,8х10см<br>– Объем: 2,0 л<br>– Форма: круглая<br>– Стеклянная крышка<br>– Допускается использование в духовом шкафу, микроволновке, посудомойной машине<br>– Цвет: прозрачный<br><br><br><strong>Характеристики:</strong><ul>
<li>Обьем, л.: 2,0</li>
<li>Материал: Стекло</li>
<li>Форма: Круглая</li>
</ul>
";"data/yavshoke/410527824_w640_h640_cid435614_pid263155764-1bac1144.jpg";"Кухня и столовая";"Кухонная посуда";"Кастрюли для духовок и микроволновок"
998;"Керамическая кастрюля 3.2 л Sacher SHKP 00076";"00076 SHKP";"00076 SHKP- yavshoke";335;"<ul>
<li>Форма  -  круглая</li> <li>Крышка  -  термостойкая керамика</li> <li>Материал -   термостойкая керамика</li> <li>Объем, л    3,2</li> <li>Назначение  -  духовые шкафы, СВЧ, все виды плит</li> <li>Цвет  -  коричневый</li> <li>Уточняйте цвет или оттенок изделия</li> </ul>";"data/yavshoke/112647319_w640_h640_00078_8713538.jpg";"Кухня и столовая";"Кухонная посуда";"Кастрюли для духовок и микроволновок"
998;"Горшок для запекания WILMAX 350 мл. WL-997000";"WL-997000";"WL-997000- yavshoke";123;"
<p>Горшочек для запекания<br> Материал: фарфор.<br> Объем: 350 мл.</p> <p>подходит для всех видов плит.<br> можно использовать в СВЧ-печах.<br> подходит для посудомоечной машины.</p>
";"data/yavshoke/133371791_w640_h640_cid435614_pid64645066-fe70eefe.jpg";"Кухня и столовая";"Кухонная посуда";"Кастрюли для духовок и микроволновок"
998;"Горшок для запекания WILMAX 450 мл. WL-997001";"WL-997001";"WL-997001- yavshoke";141;"
<p>Горшочек для запекания<br> Материал: фарфор.<br> Объем: 450 мл.</p> <p>подходит для всех видов плит.<br> можно использовать в СВЧ-печах.<br> подходит для посудомоечной машины.</p>
";"data/yavshoke/133371792_w640_h640_cid435614_pid64645067-87035011.jpg";"Кухня и столовая";"Кухонная посуда";"Кастрюли для духовок и микроволновок"
998;"Жаропрочная керамическая кастрюля 4,2л коричневая Sacher 00078SHKP";"00078SHKP";"00078SHKP- yavshoke";486;"<ul>
<li>Тип: кастрюля</li> <li>Объем: 4.2 л</li> <li>Материал: керамика</li> <li>Материал крышки: керамика</li> <li>
Ручки: керамические</li> <li>Торговая марка: Sacher</li> <li>Крышка в комплекте</li> <li>Цвет: коричневый</li> <li>Для использование в духовке</li> <li>Возможно мытье в посудомойке</li> <li>Керамические кастрюли Sacher изготовлены из экологически чистой глины, что обеспечивает ее долговечность и абсолютную безопасность для здоровья. Продукты, приготовленные в такой посуде максимально сохраняют свой изначальный вид и пользу. Также эта кастрюля долго сохраняет тепло и хорошо выдерживает перепады температуры</li> </ul>";"data/yavshoke/272466001_w640_h640_00078.jpg";"Кухня и столовая";"Кухонная посуда";"Кастрюли для духовок и микроволновок"
998;"Жаропрочная керамическая кастрюля 1,6л молочная Sacher 00087SHKP";"00087SHKP";"00087SHKP- yavshoke";232;"<ul>
<li>Тип: кастрюля</li> <li>Объем: 1.6 л</li> <li>Материал: керамика</li> <li>Материал крышки: керамика</li> <li>
Ручки: керамические</li> <li>Торговая марка: Sacher</li> <li>Крышка в комплекте</li> <li>Цвет: молочный</li> <li>Для использование в духовке</li> <li>Возможно мытье в посудомойке</li> <li>Керамические кастрюли Sacher изготовлены из экологически чистой глины, что обеспечивает ее долговечность и абсолютную безопасность для здоровья. Продукты, приготовленные в такой посуде максимально сохраняют свой изначальный вид и пользу. Также эта кастрюля долго сохраняет тепло и хорошо выдерживает перепады температуры</li> </ul>";"data/yavshoke/272473880_w640_h640_00087shkp.jpg";"Кухня и столовая";"Кухонная посуда";"Кастрюли для духовок и микроволновок"
998;"Кастрюля с крышкой круглая 3.0 л VaBene VB 3020008";"VB 3020008";"VB 3020008- yavshoke";252;"<ul>
<li> <p>Материал: жаропрочное стекло</p> </li> <li> <p>Размер:  29 х 26,6 х 8,2 см</p> </li> <li> <p>Объем 3 л</p> </li> </ul>";"data/yavshoke/110152484_w640_h640_cid435614_pid29677689-d3e62823.jpg";"Кухня и столовая";"Кухонная посуда";"Кастрюли для духовок и микроволновок"
998;"Кастрюля с крышкой круглая 2,5 л VaBene VB 3020007";"VB 3020007";"VB 3020007- yavshoke";189;"<ul>
<li> <p>Материал: жаропрочное стекло</p> </li> <li> <p>Размер: 28,1 х 25 х 8 см</p> </li> <li> <p>Объем 2,5 л</p> </li> </ul>";"data/yavshoke/110152388_w640_h640_cid435614_pid29677630-b3a1495a.jpg";"Кухня и столовая";"Кухонная посуда";"Кастрюли для духовок и микроволновок"
998;"Кастрюля с крышкой круглая 2.0 л VaBene VB 3020006";"VB 3020006";"VB 3020006- yavshoke";168;"<ul>
<li> <p>Материал: жаропрочное стекло</p> </li> <li> <p>Размер: 25,8 х 22,7 х 7,2 см</p> </li> <li> <p>Объем 2 л</p> </li> </ul>";"data/yavshoke/110152375_w640_h640_cid435614_pid29677585-078207e5.jpg";"Кухня и столовая";"Кухонная посуда";"Кастрюли для духовок и микроволновок"
998;"Кастрюля 2,8л Wellberg WB 30915";"WB 30915";"WB 30915- yavshoke";231;"<ul>
<li>Объем : 2,8 л, </li> <li>Материал : жаропрочная керамика, </li> <li>5 деколей</li> </ul>";"data/yavshoke/111401185_w640_h640_wb_30915.jpg";"Кухня и столовая";"Кухонная посуда";"Кастрюли для духовок и микроволновок"
998;"Кастрюля жаропрочная керамика 4,2л Kaiserhoff КН 23020012 ";"KH 23020012";"KH 23020012- yavshoke";862;;"data/yavshoke/452741623_w640_h640_cid435614_pid80900716-df6e0bb8.jpg";"Кухня и столовая";"Кухонная посуда";"Кастрюли для духовок и микроволновок"
998;"Кастрюля со стеклянной крышкой 1л Японская вишня Стеклокерамическим SNT 30050";30050;"30050- yavshoke";104;"Посуда из стеклокерамики всегда ценилась за прочность, легкость и приятный внешний вид. Современные рестораны остались верны традициям сервировки стола стеклокерамической посудой. Наряду с дорогим фарфором и стеклом, стеклокерамика также востребована. К тому же цены на изделия демократичные, а если покупать стеклокерамику оптом, то выгода от приобретения очевидна.<br><br>В ящике: 6<br>В упаковке: 1<br>Дизайнов: 1<br>Вес: 0.917<br>Объем: 0.003333<br>Штрихкод: 4823082501038<br><br>
";"data/yavshoke/376290850_w640_h640_cid435614_pid259347849-a85af203.png";"Кухня и столовая";"Кухонная посуда";"Кастрюли для духовок и микроволновок"
998;"Кастрюля со стеклянной крышкой 1,5л Японская вишня Стеклокерамическим SNT 30051";30051;"30051- yavshoke";138;"Посуда из стеклокерамики всегда ценилась за прочность, легкость и приятный внешний вид. Современные рестораны остались верны традициям сервировки стола стеклокерамической посудой. Наряду с дорогим фарфором и стеклом, стеклокерамика также востребована. К тому же цены на изделия демократичные, а если покупать стеклокерамику оптом, то выгода от приобретения очевидна.<br><br>В ящике: 6<br>В упаковке: 1<br>Дизайнов: 1<br>Вес: 1.375<br>Объем: 0.004667<br>Штрихкод: 4823082501045<br><br>
";"data/yavshoke/376290896_w640_h640_cid435614_pid259347850-dcb91cea.png";"Кухня и столовая";"Кухонная посуда";"Кастрюли для духовок и микроволновок"
998;"Кастрюля со стеклянной крышкой 2,5л Японская вишня Стеклокерамическим SNT 30052";30052;"30052- yavshoke";201;"Посуда из стеклокерамики всегда ценилась за прочность, легкость и приятный внешний вид. Современные рестораны остались верны традициям сервировки стола стеклокерамической посудой. Наряду с дорогим фарфором и стеклом, стеклокерамика также востребована. К тому же цены на изделия демократичные, а если покупать стеклокерамику оптом, то выгода от приобретения очевидна.<br><br>В ящике: 6<br>В упаковке: 1<br>Дизайнов: 1<br>Вес: 1.917<br>Объем: 0.0075<br>Штрихкод: 4823082501052<br><br>
";"data/yavshoke/376290878_w640_h640_cid435614_pid259347851-91e5f65e.png";"Кухня и столовая";"Кухонная посуда";"Кастрюли для духовок и микроволновок"
998;"Горшок для запекания 450мл Бамбук SNT 81-450-018";"81-450-018";"81-450-018- yavshoke";15;"Современная гончарная и лепная керамика отличается большим разнообразием ― это абстрактные и изобразительные, отстраненно-бессюжетные и философско-содержательные произведения, в которых художники воплощают свое понимание мира в его временных и пространственных измерениях. Произведения построены на традиционных, но значительно трансформируемых формах посудин ― мисок, кувшинов, горшков, а также фигурной посуде ― несут эстетическую функцию в интерьере и пространственно-организационную ― в ландшафтной среде. Нередко профессиональная керамика переходит в ранг декоративной скульптуры.<br><br>В ящике: 6<br>В упаковке: 6<br>Дизайнов: 1<br>Вес: 0.44<br>Объем: 0.001458<br>Штрихкод: 4828118145187<br><br>
";"data/yavshoke/376270977_w640_h640_cid435614_pid259348633-98c5b5f4.png";"Кухня и столовая";"Кухонная посуда";"Кастрюли для духовок и микроволновок"
998;"Кастрюля 3,5л Color 7136-7146s Simax";"s7136-7146";"s7136-7146- yavshoke";229;"
<p>Кастрюля 3 л Simax с крышкой 1,4 л – это две отличные формы в одной. Плотно прилегающая крышка без отверстий выполняет функцию скороварки, быстро и эффективно пропекая продукты. В то же время она отлично может использоваться как самостоятельная форма емкостью 1,4 литра. Овальные прозрачные линии – это стильное решение для вашей кухни.</p> <p>Стекло нового поколения выдерживает нагревания до 300 градусов по Цельсию и перепады температур. Вы с легкостью сможете наблюдать процесс приготовления пищи, не пропуская нужных моментов.</p> <p>Купить кастрюлю 3 л Simax с крышкой 1,4 л вы можете в нашем магазине!</p> <p>Характеристики:</p> <p>Тип: Кастрюля<br> Форма: Овальная<br> Крышка: Есть</p>
";"data/yavshoke/454792415_w640_h640_cid435614_pid313248820-172b2d6a.jpg";"Кухня и столовая";"Кухонная посуда";"Кастрюли для духовок и микроволновок"
998;"Кастрюля со стеклянной крышкой 1,5л Розовая орхидея Стеклокерамическим SNT 30051";30051;"30051- yavshoke";138;"Посуда из стеклокерамики всегда ценилась за прочность, легкость и приятный внешний вид. Современные рестораны остались верны традициям сервировки стола стеклокерамической посудой. Наряду с дорогим фарфором и стеклом, стеклокерамика также востребована. К тому же цены на изделия демократичные, а если покупать стеклокерамику оптом, то выгода от приобретения очевидна.<br><br>В ящике: 6<br>В упаковке: 1<br>Дизайнов: 1<br>Вес: 1.375<br>Объем: 0.004667<br>Штрихкод: 4823082501045<br><br>
";"data/yavshoke/376290868_w640_h640_cid435614_pid259348361-844af87a.png";"Кухня и столовая";"Кухонная посуда";"Кастрюли для духовок и микроволновок"
998;"Кастрюля со стеклянной крышкой 1л Розовая орхидея Стеклокерамическим SNT 30050";30050;"30050- yavshoke";104;"Посуда из стеклокерамики всегда ценилась за прочность, легкость и приятный внешний вид. Современные рестораны остались верны традициям сервировки стола стеклокерамической посудой. Наряду с дорогим фарфором и стеклом, стеклокерамика также востребована. К тому же цены на изделия демократичные, а если покупать стеклокерамику оптом, то выгода от приобретения очевидна.<br><br>В ящике: 6<br>В упаковке: 1<br>Дизайнов: 1<br>Вес: 0.917<br>Объем: 0.003333<br>Штрихкод: 4823082501038<br><br>
";"data/yavshoke/376292455_w640_h640_cid435614_pid259348359-130cb5ab.png";"Кухня и столовая";"Кухонная посуда";"Кастрюли для духовок и микроволновок"
